date,store_id,city,store_profile,family,onpromotion,holiday_flag,holiday_name,local_event_flag,local_event_name,weekend_flag,payday_flag,heatwave_flag,avg_temp_f,temp_index,day_of_week,day_name,month,week_of_year,quarter,day_of_month,pred_transactions,pred_sales,baseline_sales,explanation
2026-01-01,S001,Tempe,campus corridor,bakery,0,1,new_years_day,0,none,0,1,0,76.9,0.3981818181818183,3,Thursday,1,1,1,1,925.5362548828125,139.83892822265625,99.5925,"Expect above-normal bakery demand because of new years day, payday effect."
2026-01-01,S001,Tempe,campus corridor,beverages,0,1,new_years_day,0,none,0,1,0,76.9,0.3981818181818183,3,Thursday,1,1,1,1,925.5362548828125,273.141845703125,202.825,"Expect above-normal beverages demand because of new years day, payday effect."
2026-01-01,S001,Tempe,campus corridor,dairy,0,1,new_years_day,0,none,0,1,0,76.9,0.3981818181818183,3,Thursday,1,1,1,1,925.5362548828125,182.894287109375,131.295,"Expect above-normal dairy demand because of new years day, payday effect."
2026-01-01,S001,Tempe,campus corridor,frozen,1,1,new_years_day,0,none,0,1,0,76.9,0.3981818181818183,3,Thursday,1,1,1,1,925.5362548828125,137.11219787597656,84.43,"Expect above-normal frozen demand because of new years day, promotion activity, payday effect."
2026-01-01,S001,Tempe,campus corridor,produce,1,1,new_years_day,0,none,0,1,0,76.9,0.3981818181818183,3,Thursday,1,1,1,1,925.5362548828125,277.52392578125,190.27249999999998,"Expect above-normal produce demand because of new years day, promotion activity, payday effect."
2026-01-01,S001,Tempe,campus corridor,snacks,1,1,new_years_day,0,none,0,1,0,76.9,0.3981818181818183,3,Thursday,1,1,1,1,925.5362548828125,251.0374755859375,157.2575,"Expect above-normal snacks demand because of new years day, promotion activity, payday effect."
2026-01-01,S002,Phoenix,urban flagship,bakery,0,1,new_years_day,0,none,0,1,0,80.4,0.4618181818181819,3,Thursday,1,1,1,1,1075.9169921875,215.3459930419922,133.065,"Expect above-normal bakery demand because of new years day, payday effect."
2026-01-01,S002,Phoenix,urban flagship,beverages,0,1,new_years_day,0,none,0,1,0,80.4,0.4618181818181819,3,Thursday,1,1,1,1,1075.9169921875,306.2181091308594,239.305,"Expect above-normal beverages demand because of new years day, payday effect."
2026-01-01,S002,Phoenix,urban flagship,dairy,1,1,new_years_day,0,none,0,1,0,80.4,0.4618181818181819,3,Thursday,1,1,1,1,1075.9169921875,252.33914184570312,172.4325,"Expect above-normal dairy demand because of new years day, promotion activity, payday effect."
2026-01-01,S002,Phoenix,urban flagship,frozen,0,1,new_years_day,0,none,0,1,0,80.4,0.4618181818181819,3,Thursday,1,1,1,1,1075.9169921875,182.04273986816406,128.5075,"Expect above-normal frozen demand because of new years day, payday effect."
2026-01-01,S002,Phoenix,urban flagship,produce,1,1,new_years_day,0,none,0,1,0,80.4,0.4618181818181819,3,Thursday,1,1,1,1,1075.9169921875,329.73883056640625,245.385,"Expect above-normal produce demand because of new years day, promotion activity, payday effect."
2026-01-01,S002,Phoenix,urban flagship,snacks,0,1,new_years_day,0,none,0,1,0,80.4,0.4618181818181819,3,Thursday,1,1,1,1,1075.9169921875,291.26373291015625,191.83249999999998,"Expect above-normal snacks demand because of new years day, payday effect."
2026-01-01,S003,Mesa,family suburban,bakery,0,1,new_years_day,0,none,0,1,0,78.4,0.4254545454545456,3,Thursday,1,1,1,1,849.3947143554688,125.79141235351562,86.1375,"Expect above-normal bakery demand because of new years day, payday effect."
2026-01-01,S003,Mesa,family suburban,beverages,1,1,new_years_day,0,none,0,1,0,78.4,0.4254545454545456,3,Thursday,1,1,1,1,849.3947143554688,249.3068084716797,160.315,"Expect above-normal beverages demand because of new years day, promotion activity, payday effect."
2026-01-01,S003,Mesa,family suburban,dairy,0,1,new_years_day,0,none,0,1,0,78.4,0.4254545454545456,3,Thursday,1,1,1,1,849.3947143554688,144.80519104003906,101.175,"Expect above-normal dairy demand because of new years day, payday effect."
2026-01-01,S003,Mesa,family suburban,frozen,0,1,new_years_day,0,none,0,1,0,78.4,0.4254545454545456,3,Thursday,1,1,1,1,849.3947143554688,98.29408264160156,76.1275,"Expect above-normal frozen demand because of new years day, payday effect."
2026-01-01,S003,Mesa,family suburban,produce,0,1,new_years_day,0,none,0,1,0,78.4,0.4254545454545456,3,Thursday,1,1,1,1,849.3947143554688,233.46168518066406,173.1875,"Expect above-normal produce demand because of new years day, payday effect."
2026-01-01,S003,Mesa,family suburban,snacks,0,1,new_years_day,0,none,0,1,0,78.4,0.4254545454545456,3,Thursday,1,1,1,1,849.3947143554688,213.73216247558594,146.39999999999998,"Expect above-normal snacks demand because of new years day, payday effect."
2026-01-01,S004,Scottsdale,premium suburban,bakery,0,1,new_years_day,0,none,0,1,0,74.9,0.3618181818181819,3,Thursday,1,1,1,1,1026.560791015625,189.94236755371094,111.58,"Expect above-normal bakery demand because of new years day, payday effect."
2026-01-01,S004,Scottsdale,premium suburban,beverages,1,1,new_years_day,0,none,0,1,0,74.9,0.3618181818181819,3,Thursday,1,1,1,1,1026.560791015625,315.3454895019531,204.3275,"Expect above-normal beverages demand because of new years day, promotion activity, payday effect."
2026-01-01,S004,Scottsdale,premium suburban,dairy,0,1,new_years_day,0,none,0,1,0,74.9,0.3618181818181819,3,Thursday,1,1,1,1,1026.560791015625,210.1347198486328,140.21,"Expect above-normal dairy demand because of new years day, payday effect."
2026-01-01,S004,Scottsdale,premium suburban,frozen,0,1,new_years_day,0,none,0,1,0,74.9,0.3618181818181819,3,Thursday,1,1,1,1,1026.560791015625,141.18466186523438,104.015,"Expect above-normal frozen demand because of new years day, payday effect."
2026-01-01,S004,Scottsdale,premium suburban,produce,0,1,new_years_day,0,none,0,1,0,74.9,0.3618181818181819,3,Thursday,1,1,1,1,1026.560791015625,273.6365661621094,222.37,"Expect above-normal produce demand because of new years day, payday effect."
2026-01-01,S004,Scottsdale,premium suburban,snacks,0,1,new_years_day,0,none,0,1,0,74.9,0.3618181818181819,3,Thursday,1,1,1,1,1026.560791015625,280.42742919921875,179.8275,"Expect above-normal snacks demand because of new years day, payday effect."
2026-01-02,S001,Tempe,campus corridor,bakery,0,0,none,0,none,0,1,0,76.6,0.3927272727272726,4,Friday,1,1,1,2,992.96044921875,123.72544860839844,112.6375,Expect near-normal bakery demand because of payday effect.
2026-01-02,S001,Tempe,campus corridor,beverages,0,0,none,0,none,0,1,0,76.6,0.3927272727272726,4,Friday,1,1,1,2,992.96044921875,212.46115112304688,202.54250000000002,Expect near-normal beverages demand because of payday effect.
2026-01-02,S001,Tempe,campus corridor,dairy,0,0,none,0,none,0,1,0,76.6,0.3927272727272726,4,Friday,1,1,1,2,992.96044921875,143.0337371826172,137.19,Expect near-normal dairy demand because of payday effect.
2026-01-02,S001,Tempe,campus corridor,frozen,0,0,none,0,none,0,1,0,76.6,0.3927272727272726,4,Friday,1,1,1,2,992.96044921875,105.42247772216797,103.1875,Expect near-normal frozen demand because of payday effect.
2026-01-02,S001,Tempe,campus corridor,produce,0,0,none,0,none,0,1,0,76.6,0.3927272727272726,4,Friday,1,1,1,2,992.96044921875,209.8114471435547,197.07999999999998,Expect near-normal produce demand because of payday effect.
2026-01-02,S001,Tempe,campus corridor,snacks,0,0,none,0,none,0,1,0,76.6,0.3927272727272726,4,Friday,1,1,1,2,992.96044921875,177.9673309326172,165.0975,Expect near-normal snacks demand because of payday effect.
2026-01-02,S002,Phoenix,urban flagship,bakery,0,0,none,0,none,0,1,0,80.1,0.4563636363636362,4,Friday,1,1,1,2,1181.5579833984375,166.22608947753906,152.0375,Expect near-normal bakery demand because of payday effect.
2026-01-02,S002,Phoenix,urban flagship,beverages,0,0,none,0,none,0,1,0,80.1,0.4563636363636362,4,Friday,1,1,1,2,1181.5579833984375,281.8961486816406,274.65749999999997,Expect near-normal beverages demand because of payday effect.
2026-01-02,S002,Phoenix,urban flagship,dairy,0,0,none,0,none,0,1,0,80.1,0.4563636363636362,4,Friday,1,1,1,2,1181.5579833984375,190.21212768554688,180.0525,Expect near-normal dairy demand because of payday effect.
2026-01-02,S002,Phoenix,urban flagship,frozen,0,0,none,0,none,0,1,0,80.1,0.4563636363636362,4,Friday,1,1,1,2,1181.5579833984375,146.5789337158203,147.0025,Expect near-normal frozen demand because of payday effect.
2026-01-02,S002,Phoenix,urban flagship,produce,0,0,none,0,none,0,1,0,80.1,0.4563636363636362,4,Friday,1,1,1,2,1181.5579833984375,269.7531433105469,282.3075,Expect near-normal produce demand because of payday effect.
2026-01-02,S002,Phoenix,urban flagship,snacks,0,0,none,0,none,0,1,0,80.1,0.4563636363636362,4,Friday,1,1,1,2,1181.5579833984375,234.7008056640625,200.72,Expect above-normal snacks demand because of payday effect.
2026-01-02,S003,Mesa,family suburban,bakery,0,0,none,0,none,0,1,0,78.1,0.4199999999999999,4,Friday,1,1,1,2,946.836181640625,113.4189224243164,108.0975,Expect near-normal bakery demand because of payday effect.
2026-01-02,S003,Mesa,family suburban,beverages,0,0,none,0,none,0,1,0,78.1,0.4199999999999999,4,Friday,1,1,1,2,946.836181640625,188.82118225097656,173.9425,Expect near-normal beverages demand because of payday effect.
2026-01-02,S003,Mesa,family suburban,dairy,0,0,none,0,none,0,1,0,78.1,0.4199999999999999,4,Friday,1,1,1,2,946.836181640625,129.4342498779297,128.905,Expect near-normal dairy demand because of payday effect.
2026-01-02,S003,Mesa,family suburban,frozen,0,0,none,0,none,0,1,0,78.1,0.4199999999999999,4,Friday,1,1,1,2,946.836181640625,94.20677947998047,80.595,Expect above-normal frozen demand because of payday effect.
2026-01-02,S003,Mesa,family suburban,produce,0,0,none,0,none,0,1,0,78.1,0.4199999999999999,4,Friday,1,1,1,2,946.836181640625,193.38192749023438,168.5775,Expect above-normal produce demand because of payday effect.
2026-01-02,S003,Mesa,family suburban,snacks,0,0,none,0,none,0,1,0,78.1,0.4199999999999999,4,Friday,1,1,1,2,946.836181640625,160.89219665527344,148.1125,Expect near-normal snacks demand because of payday effect.
2026-01-02,S004,Scottsdale,premium suburban,bakery,0,0,none,0,none,0,1,0,74.6,0.3563636363636362,4,Friday,1,1,1,2,1120.800048828125,146.35043334960938,135.4125,Expect near-normal bakery demand because of payday effect.
2026-01-02,S004,Scottsdale,premium suburban,beverages,0,0,none,0,none,0,1,0,74.6,0.3563636363636362,4,Friday,1,1,1,2,1120.800048828125,237.0111541748047,212.81,Expect near-normal beverages demand because of payday effect.
2026-01-02,S004,Scottsdale,premium suburban,dairy,0,0,none,0,none,0,1,0,74.6,0.3563636363636362,4,Friday,1,1,1,2,1120.800048828125,170.31654357910156,150.0125,Expect above-normal dairy demand because of payday effect.
2026-01-02,S004,Scottsdale,premium suburban,frozen,1,0,none,0,none,0,1,0,74.6,0.3563636363636362,4,Friday,1,1,1,2,1120.800048828125,147.4293670654297,113.575,"Expect above-normal frozen demand because of promotion activity, payday effect."
2026-01-02,S004,Scottsdale,premium suburban,produce,1,0,none,0,none,0,1,0,74.6,0.3563636363636362,4,Friday,1,1,1,2,1120.800048828125,291.01507568359375,236.925,"Expect above-normal produce demand because of promotion activity, payday effect."
2026-01-02,S004,Scottsdale,premium suburban,snacks,1,0,none,0,none,0,1,0,74.6,0.3563636363636362,4,Friday,1,1,1,2,1120.800048828125,244.3552703857422,185.4275,"Expect above-normal snacks demand because of promotion activity, payday effect."
2026-01-03,S001,Tempe,campus corridor,bakery,0,0,none,0,none,1,0,0,76.3,0.3872727272727272,5,Saturday,1,1,1,3,1037.4288330078125,127.2797622680664,130.0775,Expect near-normal bakery demand because of weekend traffic.
2026-01-03,S001,Tempe,campus corridor,beverages,0,0,none,0,none,1,0,0,76.3,0.3872727272727272,5,Saturday,1,1,1,3,1037.4288330078125,207.47047424316406,208.3125,Expect near-normal beverages demand because of weekend traffic.
2026-01-03,S001,Tempe,campus corridor,dairy,0,0,none,0,none,1,0,0,76.3,0.3872727272727272,5,Saturday,1,1,1,3,1037.4288330078125,143.916015625,132.86,Expect near-normal dairy demand because of weekend traffic.
2026-01-03,S001,Tempe,campus corridor,frozen,0,0,none,0,none,1,0,0,76.3,0.3872727272727272,5,Saturday,1,1,1,3,1037.4288330078125,110.16100311279297,107.515,Expect near-normal frozen demand because of weekend traffic.
2026-01-03,S001,Tempe,campus corridor,produce,0,0,none,0,none,1,0,0,76.3,0.3872727272727272,5,Saturday,1,1,1,3,1037.4288330078125,213.6574249267578,218.44,Expect near-normal produce demand because of weekend traffic.
2026-01-03,S001,Tempe,campus corridor,snacks,1,0,none,0,none,1,0,0,76.3,0.3872727272727272,5,Saturday,1,1,1,3,1037.4288330078125,216.43675231933594,197.1125,"Expect near-normal snacks demand because of promotion activity, weekend traffic."
2026-01-03,S002,Phoenix,urban flagship,bakery,0,0,none,0,none,1,0,0,79.8,0.4509090909090908,5,Saturday,1,1,1,3,1201.1458740234375,172.1041717529297,179.25,Expect near-normal bakery demand because of weekend traffic.
2026-01-03,S002,Phoenix,urban flagship,beverages,1,0,none,0,none,1,0,0,79.8,0.4509090909090908,5,Saturday,1,1,1,3,1201.1458740234375,324.789794921875,329.7725,"Expect near-normal beverages demand because of promotion activity, weekend traffic."
2026-01-03,S002,Phoenix,urban flagship,dairy,0,0,none,0,none,1,0,0,79.8,0.4509090909090908,5,Saturday,1,1,1,3,1201.1458740234375,183.84542846679688,200.5625,Expect below-normal dairy demand because of weekend traffic.
2026-01-03,S002,Phoenix,urban flagship,frozen,0,0,none,0,none,1,0,0,79.8,0.4509090909090908,5,Saturday,1,1,1,3,1201.1458740234375,145.489013671875,164.0675,Expect below-normal frozen demand because of weekend traffic.
2026-01-03,S002,Phoenix,urban flagship,produce,0,0,none,0,none,1,0,0,79.8,0.4509090909090908,5,Saturday,1,1,1,3,1201.1458740234375,275.4055480957031,301.93,Expect below-normal produce demand because of weekend traffic.
2026-01-03,S002,Phoenix,urban flagship,snacks,0,0,none,0,none,1,0,0,79.8,0.4509090909090908,5,Saturday,1,1,1,3,1201.1458740234375,250.6956329345703,266.955,Expect near-normal snacks demand because of weekend traffic.
2026-01-03,S003,Mesa,family suburban,bakery,0,0,none,0,none,1,0,0,77.8,0.4145454545454545,5,Saturday,1,1,1,3,981.8616333007812,116.91219329833984,128.1575,Expect below-normal bakery demand because of weekend traffic.
2026-01-03,S003,Mesa,family suburban,beverages,1,0,none,0,none,1,0,0,77.8,0.4145454545454545,5,Saturday,1,1,1,3,981.8616333007812,221.6480712890625,208.985,"Expect near-normal beverages demand because of promotion activity, weekend traffic."
2026-01-03,S003,Mesa,family suburban,dairy,0,0,none,0,none,1,0,0,77.8,0.4145454545454545,5,Saturday,1,1,1,3,981.8616333007812,127.59638977050781,137.0925,Expect near-normal dairy demand because of weekend traffic.
2026-01-03,S003,Mesa,family suburban,frozen,1,0,none,0,none,1,0,0,77.8,0.4145454545454545,5,Saturday,1,1,1,3,981.8616333007812,111.84143829345703,109.59,"Expect near-normal frozen demand because of promotion activity, weekend traffic."
2026-01-03,S003,Mesa,family suburban,produce,1,0,none,0,none,1,0,0,77.8,0.4145454545454545,5,Saturday,1,1,1,3,981.8616333007812,229.32289123535156,235.89000000000001,"Expect near-normal produce demand because of promotion activity, weekend traffic."
2026-01-03,S003,Mesa,family suburban,snacks,1,0,none,0,none,1,0,0,77.8,0.4145454545454545,5,Saturday,1,1,1,3,981.8616333007812,185.78256225585938,175.44,"Expect near-normal snacks demand because of promotion activity, weekend traffic."
2026-01-03,S004,Scottsdale,premium suburban,bakery,1,0,none,0,none,1,0,0,74.3,0.3509090909090908,5,Saturday,1,1,1,3,1164.8768310546875,181.33779907226562,178.7725,"Expect near-normal bakery demand because of promotion activity, weekend traffic."
2026-01-03,S004,Scottsdale,premium suburban,beverages,0,0,none,0,none,1,0,0,74.3,0.3509090909090908,5,Saturday,1,1,1,3,1164.8768310546875,252.91392517089844,273.6625,Expect near-normal beverages demand because of weekend traffic.
2026-01-03,S004,Scottsdale,premium suburban,dairy,0,0,none,0,none,1,0,0,74.3,0.3509090909090908,5,Saturday,1,1,1,3,1164.8768310546875,171.69309997558594,180.405,Expect near-normal dairy demand because of weekend traffic.
2026-01-03,S004,Scottsdale,premium suburban,frozen,0,0,none,0,none,1,0,0,74.3,0.3509090909090908,5,Saturday,1,1,1,3,1164.8768310546875,129.3681640625,130.9025,Expect near-normal frozen demand because of weekend traffic.
2026-01-03,S004,Scottsdale,premium suburban,produce,1,0,none,0,none,1,0,0,74.3,0.3509090909090908,5,Saturday,1,1,1,3,1164.8768310546875,301.60198974609375,278.235,"Expect near-normal produce demand because of promotion activity, weekend traffic."
2026-01-03,S004,Scottsdale,premium suburban,snacks,0,0,none,0,none,1,0,0,74.3,0.3509090909090908,5,Saturday,1,1,1,3,1164.8768310546875,218.7291259765625,237.6375,Expect near-normal snacks demand because of weekend traffic.
2026-01-04,S001,Tempe,campus corridor,bakery,0,0,none,0,none,1,0,0,76.0,0.3818181818181818,6,Sunday,1,1,1,4,1019.8740844726562,124.37849426269531,136.2,Expect below-normal bakery demand because of weekend traffic.
2026-01-04,S001,Tempe,campus corridor,beverages,0,0,none,0,none,1,0,0,76.0,0.3818181818181818,6,Sunday,1,1,1,4,1019.8740844726562,209.03326416015625,218.0675,Expect near-normal beverages demand because of weekend traffic.
2026-01-04,S001,Tempe,campus corridor,dairy,0,0,none,0,none,1,0,0,76.0,0.3818181818181818,6,Sunday,1,1,1,4,1019.8740844726562,142.34849548339844,139.3075,Expect near-normal dairy demand because of weekend traffic.
2026-01-04,S001,Tempe,campus corridor,frozen,0,0,none,0,none,1,0,0,76.0,0.3818181818181818,6,Sunday,1,1,1,4,1019.8740844726562,106.73993682861328,109.86,Expect near-normal frozen demand because of weekend traffic.
2026-01-04,S001,Tempe,campus corridor,produce,0,0,none,0,none,1,0,0,76.0,0.3818181818181818,6,Sunday,1,1,1,4,1019.8740844726562,213.7440185546875,208.19,Expect near-normal produce demand because of weekend traffic.
2026-01-04,S001,Tempe,campus corridor,snacks,0,0,none,0,none,1,0,0,76.0,0.3818181818181818,6,Sunday,1,1,1,4,1019.8740844726562,180.1936492919922,190.7625,Expect near-normal snacks demand because of weekend traffic.
2026-01-04,S002,Phoenix,urban flagship,bakery,0,0,none,0,none,1,0,0,79.5,0.4454545454545454,6,Sunday,1,1,1,4,1174.2080078125,169.73170471191406,172.2225,Expect near-normal bakery demand because of weekend traffic.
2026-01-04,S002,Phoenix,urban flagship,beverages,0,0,none,0,none,1,0,0,79.5,0.4454545454545454,6,Sunday,1,1,1,4,1174.2080078125,274.9143371582031,288.3725,Expect near-normal beverages demand because of weekend traffic.
2026-01-04,S002,Phoenix,urban flagship,dairy,0,0,none,0,none,1,0,0,79.5,0.4454545454545454,6,Sunday,1,1,1,4,1174.2080078125,178.00514221191406,184.9925,Expect near-normal dairy demand because of weekend traffic.
2026-01-04,S002,Phoenix,urban flagship,frozen,0,0,none,0,none,1,0,0,79.5,0.4454545454545454,6,Sunday,1,1,1,4,1174.2080078125,137.62939453125,138.405,Expect near-normal frozen demand because of weekend traffic.
2026-01-04,S002,Phoenix,urban flagship,produce,0,0,none,0,none,1,0,0,79.5,0.4454545454545454,6,Sunday,1,1,1,4,1174.2080078125,273.43255615234375,297.92,Expect below-normal produce demand because of weekend traffic.
2026-01-04,S002,Phoenix,urban flagship,snacks,0,0,none,0,none,1,0,0,79.5,0.4454545454545454,6,Sunday,1,1,1,4,1174.2080078125,246.94775390625,244.685,Expect near-normal snacks demand because of weekend traffic.
2026-01-04,S003,Mesa,family suburban,bakery,0,0,none,0,none,1,0,0,77.5,0.4090909090909091,6,Sunday,1,1,1,4,916.0718994140625,114.45526885986328,119.02499999999999,Expect near-normal bakery demand because of weekend traffic.
2026-01-04,S003,Mesa,family suburban,beverages,0,0,none,0,none,1,0,0,77.5,0.4090909090909091,6,Sunday,1,1,1,4,916.0718994140625,187.03054809570312,198.2575,Expect near-normal beverages demand because of weekend traffic.
2026-01-04,S003,Mesa,family suburban,dairy,1,0,none,0,none,1,0,0,77.5,0.4090909090909091,6,Sunday,1,1,1,4,916.0718994140625,150.0324249267578,127.1675,"Expect above-normal dairy demand because of promotion activity, weekend traffic."
2026-01-04,S003,Mesa,family suburban,frozen,0,0,none,0,none,1,0,0,77.5,0.4090909090909091,6,Sunday,1,1,1,4,916.0718994140625,88.45787048339844,101.82,Expect below-normal frozen demand because of weekend traffic.
2026-01-04,S003,Mesa,family suburban,produce,0,0,none,0,none,1,0,0,77.5,0.4090909090909091,6,Sunday,1,1,1,4,916.0718994140625,187.9729766845703,188.51999999999998,Expect near-normal produce demand because of weekend traffic.
2026-01-04,S003,Mesa,family suburban,snacks,0,0,none,0,none,1,0,0,77.5,0.4090909090909091,6,Sunday,1,1,1,4,916.0718994140625,158.04556274414062,161.66500000000002,Expect near-normal snacks demand because of weekend traffic.
2026-01-04,S004,Scottsdale,premium suburban,bakery,0,0,none,0,none,1,0,0,74.0,0.3454545454545454,6,Sunday,1,1,1,4,1109.2587890625,153.46376037597656,141.9225,Expect near-normal bakery demand because of weekend traffic.
2026-01-04,S004,Scottsdale,premium suburban,beverages,0,0,none,0,none,1,0,0,74.0,0.3454545454545454,6,Sunday,1,1,1,4,1109.2587890625,236.4521026611328,242.3775,Expect near-normal beverages demand because of weekend traffic.
2026-01-04,S004,Scottsdale,premium suburban,dairy,1,0,none,0,none,1,0,0,74.0,0.3454545454545454,6,Sunday,1,1,1,4,1109.2587890625,193.01852416992188,183.805,"Expect near-normal dairy demand because of promotion activity, weekend traffic."
2026-01-04,S004,Scottsdale,premium suburban,frozen,1,0,none,0,none,1,0,0,74.0,0.3454545454545454,6,Sunday,1,1,1,4,1109.2587890625,145.47947692871094,123.33000000000001,"Expect above-normal frozen demand because of promotion activity, weekend traffic."
2026-01-04,S004,Scottsdale,premium suburban,produce,0,0,none,0,none,1,0,0,74.0,0.3454545454545454,6,Sunday,1,1,1,4,1109.2587890625,253.54684448242188,271.8225,Expect near-normal produce demand because of weekend traffic.
2026-01-04,S004,Scottsdale,premium suburban,snacks,0,0,none,0,none,1,0,0,74.0,0.3454545454545454,6,Sunday,1,1,1,4,1109.2587890625,208.69537353515625,210.415,Expect near-normal snacks demand because of weekend traffic.
2026-01-05,S001,Tempe,campus corridor,bakery,0,0,none,0,none,0,0,0,75.7,0.3763636363636364,0,Monday,1,2,1,5,836.4194946289062,100.64228057861328,105.6675,Expect near-normal demand with no major external spike drivers flagged.
2026-01-05,S001,Tempe,campus corridor,beverages,0,0,none,0,none,0,0,0,75.7,0.3763636363636364,0,Monday,1,2,1,5,836.4194946289062,167.25120544433594,172.7375,Expect near-normal demand with no major external spike drivers flagged.
2026-01-05,S001,Tempe,campus corridor,dairy,0,0,none,0,none,0,0,0,75.7,0.3763636363636364,0,Monday,1,2,1,5,836.4194946289062,119.4089126586914,125.9325,Expect near-normal demand with no major external spike drivers flagged.
2026-01-05,S001,Tempe,campus corridor,frozen,0,0,none,0,none,0,0,0,75.7,0.3763636363636364,0,Monday,1,2,1,5,836.4194946289062,89.59175109863281,93.6375,Expect near-normal demand with no major external spike drivers flagged.
2026-01-05,S001,Tempe,campus corridor,produce,0,0,none,0,none,0,0,0,75.7,0.3763636363636364,0,Monday,1,2,1,5,836.4194946289062,176.1893768310547,169.05,Expect near-normal demand with no major external spike drivers flagged.
2026-01-05,S001,Tempe,campus corridor,snacks,0,0,none,0,none,0,0,0,75.7,0.3763636363636364,0,Monday,1,2,1,5,836.4194946289062,143.71392822265625,150.715,Expect near-normal demand with no major external spike drivers flagged.
2026-01-05,S002,Phoenix,urban flagship,bakery,0,0,none,0,none,0,0,0,79.2,0.44,0,Monday,1,2,1,5,985.9522094726562,133.27001953125,134.6025,Expect near-normal demand with no major external spike drivers flagged.
2026-01-05,S002,Phoenix,urban flagship,beverages,0,0,none,0,none,0,0,0,79.2,0.44,0,Monday,1,2,1,5,985.9522094726562,214.70631408691406,250.935,Expect below-normal demand with no major external spike drivers flagged.
2026-01-05,S002,Phoenix,urban flagship,dairy,0,0,none,0,none,0,0,0,79.2,0.44,0,Monday,1,2,1,5,985.9522094726562,153.49510192871094,164.7225,Expect near-normal demand with no major external spike drivers flagged.
2026-01-05,S002,Phoenix,urban flagship,frozen,0,0,none,0,none,0,0,0,79.2,0.44,0,Monday,1,2,1,5,985.9522094726562,110.8438949584961,123.0625,Expect below-normal demand with no major external spike drivers flagged.
2026-01-05,S002,Phoenix,urban flagship,produce,0,0,none,0,none,0,0,0,79.2,0.44,0,Monday,1,2,1,5,985.9522094726562,226.39022827148438,255.26749999999998,Expect below-normal demand with no major external spike drivers flagged.
2026-01-05,S002,Phoenix,urban flagship,snacks,0,0,none,0,none,0,0,0,79.2,0.44,0,Monday,1,2,1,5,985.9522094726562,190.0925750732422,192.3225,Expect near-normal demand with no major external spike drivers flagged.
2026-01-05,S003,Mesa,family suburban,bakery,0,0,none,0,none,0,0,0,77.2,0.4036363636363637,0,Monday,1,2,1,5,793.8455810546875,96.59894561767578,100.715,Expect near-normal demand with no major external spike drivers flagged.
2026-01-05,S003,Mesa,family suburban,beverages,0,0,none,0,none,0,0,0,77.2,0.4036363636363637,0,Monday,1,2,1,5,793.8455810546875,156.11141967773438,160.2525,Expect near-normal demand with no major external spike drivers flagged.
2026-01-05,S003,Mesa,family suburban,dairy,0,0,none,0,none,0,0,0,77.2,0.4036363636363637,0,Monday,1,2,1,5,793.8455810546875,112.75577545166016,122.64,Expect below-normal demand with no major external spike drivers flagged.
2026-01-05,S003,Mesa,family suburban,frozen,0,0,none,0,none,0,0,0,77.2,0.4036363636363637,0,Monday,1,2,1,5,793.8455810546875,75.96337890625,76.7725,Expect near-normal demand with no major external spike drivers flagged.
2026-01-05,S003,Mesa,family suburban,produce,0,0,none,0,none,0,0,0,77.2,0.4036363636363637,0,Monday,1,2,1,5,793.8455810546875,166.4650421142578,175.19,Expect near-normal demand with no major external spike drivers flagged.
2026-01-05,S003,Mesa,family suburban,snacks,0,0,none,0,none,0,0,0,77.2,0.4036363636363637,0,Monday,1,2,1,5,793.8455810546875,131.837158203125,130.025,Expect near-normal demand with no major external spike drivers flagged.
2026-01-05,S004,Scottsdale,premium suburban,bakery,0,0,none,0,none,0,0,0,73.7,0.34,0,Monday,1,2,1,5,915.748779296875,123.05120849609375,119.7325,Expect near-normal demand with no major external spike drivers flagged.
2026-01-05,S004,Scottsdale,premium suburban,beverages,0,0,none,0,none,0,0,0,73.7,0.34,0,Monday,1,2,1,5,915.748779296875,185.89634704589844,192.905,Expect near-normal demand with no major external spike drivers flagged.
2026-01-05,S004,Scottsdale,premium suburban,dairy,0,0,none,0,none,0,0,0,73.7,0.34,0,Monday,1,2,1,5,915.748779296875,137.32667541503906,138.2725,Expect near-normal demand with no major external spike drivers flagged.
2026-01-05,S004,Scottsdale,premium suburban,frozen,0,0,none,0,none,0,0,0,73.7,0.34,0,Monday,1,2,1,5,915.748779296875,100.82128143310547,101.995,Expect near-normal demand with no major external spike drivers flagged.
2026-01-05,S004,Scottsdale,premium suburban,produce,0,0,none,0,none,0,0,0,73.7,0.34,0,Monday,1,2,1,5,915.748779296875,213.64834594726562,210.3475,Expect near-normal demand with no major external spike drivers flagged.
2026-01-05,S004,Scottsdale,premium suburban,snacks,0,0,none,0,none,0,0,0,73.7,0.34,0,Monday,1,2,1,5,915.748779296875,168.19900512695312,188.215,Expect below-normal demand with no major external spike drivers flagged.
2026-01-06,S001,Tempe,campus corridor,bakery,0,0,none,0,none,0,0,0,75.4,0.370909090909091,1,Tuesday,1,2,1,6,894.6683959960938,105.52039337158203,112.355,Expect near-normal demand with no major external spike drivers flagged.
2026-01-06,S001,Tempe,campus corridor,beverages,0,0,none,0,none,0,0,0,75.4,0.370909090909091,1,Tuesday,1,2,1,6,894.6683959960938,169.60423278808594,175.2125,Expect near-normal demand with no major external spike drivers flagged.
2026-01-06,S001,Tempe,campus corridor,dairy,0,0,none,0,none,0,0,0,75.4,0.370909090909091,1,Tuesday,1,2,1,6,894.6683959960938,121.99394989013672,121.10249999999999,Expect near-normal demand with no major external spike drivers flagged.
2026-01-06,S001,Tempe,campus corridor,frozen,0,0,none,0,none,0,0,0,75.4,0.370909090909091,1,Tuesday,1,2,1,6,894.6683959960938,93.68358612060547,103.97999999999999,Expect below-normal demand with no major external spike drivers flagged.
2026-01-06,S001,Tempe,campus corridor,produce,0,0,none,0,none,0,0,0,75.4,0.370909090909091,1,Tuesday,1,2,1,6,894.6683959960938,181.0201873779297,181.2825,Expect near-normal demand with no major external spike drivers flagged.
2026-01-06,S001,Tempe,campus corridor,snacks,0,0,none,0,none,0,0,0,75.4,0.370909090909091,1,Tuesday,1,2,1,6,894.6683959960938,147.7967071533203,154.275,Expect near-normal demand with no major external spike drivers flagged.
2026-01-06,S002,Phoenix,urban flagship,bakery,0,0,none,0,none,0,0,0,78.9,0.4345454545454546,1,Tuesday,1,2,1,6,1008.265625,138.90162658691406,144.525,Expect near-normal demand with no major external spike drivers flagged.
2026-01-06,S002,Phoenix,urban flagship,beverages,0,0,none,0,none,0,0,0,78.9,0.4345454545454546,1,Tuesday,1,2,1,6,1008.265625,214.80722045898438,250.94,Expect below-normal demand with no major external spike drivers flagged.
2026-01-06,S002,Phoenix,urban flagship,dairy,0,0,none,0,none,0,0,0,78.9,0.4345454545454546,1,Tuesday,1,2,1,6,1008.265625,161.49838256835938,177.5325,Expect below-normal demand with no major external spike drivers flagged.
2026-01-06,S002,Phoenix,urban flagship,frozen,0,0,none,0,none,0,0,0,78.9,0.4345454545454546,1,Tuesday,1,2,1,6,1008.265625,117.29608917236328,130.6675,Expect below-normal demand with no major external spike drivers flagged.
2026-01-06,S002,Phoenix,urban flagship,produce,0,0,none,0,none,0,0,0,78.9,0.4345454545454546,1,Tuesday,1,2,1,6,1008.265625,228.8226776123047,263.39250000000004,Expect below-normal demand with no major external spike drivers flagged.
2026-01-06,S002,Phoenix,urban flagship,snacks,0,0,none,0,none,0,0,0,78.9,0.4345454545454546,1,Tuesday,1,2,1,6,1008.265625,192.16220092773438,219.32,Expect below-normal demand with no major external spike drivers flagged.
2026-01-06,S003,Mesa,family suburban,bakery,0,0,none,0,none,0,0,0,76.9,0.3981818181818183,1,Tuesday,1,2,1,6,801.873046875,98.75289916992188,94.41499999999999,Expect near-normal demand with no major external spike drivers flagged.
2026-01-06,S003,Mesa,family suburban,beverages,0,0,none,0,none,0,0,0,76.9,0.3981818181818183,1,Tuesday,1,2,1,6,801.873046875,153.61395263671875,157.16500000000002,Expect near-normal demand with no major external spike drivers flagged.
2026-01-06,S003,Mesa,family suburban,dairy,0,0,none,0,none,0,0,0,76.9,0.3981818181818183,1,Tuesday,1,2,1,6,801.873046875,110.35981750488281,107.34,Expect near-normal demand with no major external spike drivers flagged.
2026-01-06,S003,Mesa,family suburban,frozen,0,0,none,0,none,0,0,0,76.9,0.3981818181818183,1,Tuesday,1,2,1,6,801.873046875,77.62657165527344,74.69,Expect near-normal demand with no major external spike drivers flagged.
2026-01-06,S003,Mesa,family suburban,produce,0,0,none,0,none,0,0,0,76.9,0.3981818181818183,1,Tuesday,1,2,1,6,801.873046875,165.4875946044922,169.8375,Expect near-normal demand with no major external spike drivers flagged.
2026-01-06,S003,Mesa,family suburban,snacks,0,0,none,0,none,0,0,0,76.9,0.3981818181818183,1,Tuesday,1,2,1,6,801.873046875,130.27769470214844,130.8,Expect near-normal demand with no major external spike drivers flagged.
2026-01-06,S004,Scottsdale,premium suburban,bakery,0,0,none,0,none,0,0,0,73.4,0.3345454545454546,1,Tuesday,1,2,1,6,974.7643432617188,126.97146606445312,125.755,Expect near-normal demand with no major external spike drivers flagged.
2026-01-06,S004,Scottsdale,premium suburban,beverages,1,0,none,0,none,0,0,0,73.4,0.3345454545454546,1,Tuesday,1,2,1,6,974.7643432617188,227.19642639160156,202.0575,Expect above-normal beverages demand because of promotion activity.
2026-01-06,S004,Scottsdale,premium suburban,dairy,0,0,none,0,none,0,0,0,73.4,0.3345454545454546,1,Tuesday,1,2,1,6,974.7643432617188,139.77996826171875,136.3175,Expect near-normal demand with no major external spike drivers flagged.
2026-01-06,S004,Scottsdale,premium suburban,frozen,0,0,none,0,none,0,0,0,73.4,0.3345454545454546,1,Tuesday,1,2,1,6,974.7643432617188,108.67972564697266,109.03750000000001,Expect near-normal demand with no major external spike drivers flagged.
2026-01-06,S004,Scottsdale,premium suburban,produce,0,0,none,0,none,0,0,0,73.4,0.3345454545454546,1,Tuesday,1,2,1,6,974.7643432617188,224.4342803955078,224.3775,Expect near-normal demand with no major external spike drivers flagged.
2026-01-06,S004,Scottsdale,premium suburban,snacks,0,0,none,0,none,0,0,0,73.4,0.3345454545454546,1,Tuesday,1,2,1,6,974.7643432617188,173.1828155517578,169.9125,Expect near-normal demand with no major external spike drivers flagged.
2026-01-07,S001,Tempe,campus corridor,bakery,0,0,none,0,none,0,0,0,75.1,0.3654545454545453,2,Wednesday,1,2,1,7,958.3226318359375,118.5224838256836,140.7525,Expect below-normal demand with no major external spike drivers flagged.
2026-01-07,S001,Tempe,campus corridor,beverages,0,0,none,0,none,0,0,0,75.1,0.3654545454545453,2,Wednesday,1,2,1,7,958.3226318359375,183.6324920654297,248.7425,Expect below-normal demand with no major external spike drivers flagged.
2026-01-07,S001,Tempe,campus corridor,dairy,0,0,none,0,none,0,0,0,75.1,0.3654545454545453,2,Wednesday,1,2,1,7,958.3226318359375,131.80677795410156,164.5825,Expect below-normal demand with no major external spike drivers flagged.
2026-01-07,S001,Tempe,campus corridor,frozen,0,0,none,0,none,0,0,0,75.1,0.3654545454545453,2,Wednesday,1,2,1,7,958.3226318359375,98.16778564453125,120.2175,Expect below-normal demand with no major external spike drivers flagged.
2026-01-07,S001,Tempe,campus corridor,produce,0,0,none,0,none,0,0,0,75.1,0.3654545454545453,2,Wednesday,1,2,1,7,958.3226318359375,199.60675048828125,246.2875,Expect below-normal demand with no major external spike drivers flagged.
2026-01-07,S001,Tempe,campus corridor,snacks,0,0,none,0,none,0,0,0,75.1,0.3654545454545453,2,Wednesday,1,2,1,7,958.3226318359375,158.5684814453125,199.525,Expect below-normal demand with no major external spike drivers flagged.
2026-01-07,S002,Phoenix,urban flagship,bakery,0,0,none,0,none,0,0,0,78.6,0.4290909090909089,2,Wednesday,1,2,1,7,1104.8118896484375,147.66500854492188,182.85750000000002,Expect below-normal demand with no major external spike drivers flagged.
2026-01-07,S002,Phoenix,urban flagship,beverages,0,0,none,0,none,0,0,0,78.6,0.4290909090909089,2,Wednesday,1,2,1,7,1104.8118896484375,231.50259399414062,347.375,Expect below-normal demand with no major external spike drivers flagged.
2026-01-07,S002,Phoenix,urban flagship,dairy,0,0,none,0,none,0,0,0,78.6,0.4290909090909089,2,Wednesday,1,2,1,7,1104.8118896484375,169.93887329101562,201.4325,Expect below-normal demand with no major external spike drivers flagged.
2026-01-07,S002,Phoenix,urban flagship,frozen,0,0,none,0,none,0,0,0,78.6,0.4290909090909089,2,Wednesday,1,2,1,7,1104.8118896484375,125.68462371826172,163.325,Expect below-normal demand with no major external spike drivers flagged.
2026-01-07,S002,Phoenix,urban flagship,produce,0,0,none,0,none,0,0,0,78.6,0.4290909090909089,2,Wednesday,1,2,1,7,1104.8118896484375,244.076416015625,325.2,Expect below-normal demand with no major external spike drivers flagged.
2026-01-07,S002,Phoenix,urban flagship,snacks,0,0,none,0,none,0,0,0,78.6,0.4290909090909089,2,Wednesday,1,2,1,7,1104.8118896484375,216.1792755126953,265.6325,Expect below-normal demand with no major external spike drivers flagged.
2026-01-07,S003,Mesa,family suburban,bakery,0,0,none,0,none,0,0,0,76.6,0.3927272727272726,2,Wednesday,1,2,1,7,878.1901245117188,102.96934509277344,126.33000000000001,Expect below-normal demand with no major external spike drivers flagged.
2026-01-07,S003,Mesa,family suburban,beverages,0,0,none,0,none,0,0,0,76.6,0.3927272727272726,2,Wednesday,1,2,1,7,878.1901245117188,156.125732421875,212.48,Expect below-normal demand with no major external spike drivers flagged.
2026-01-07,S003,Mesa,family suburban,dairy,0,0,none,0,none,0,0,0,76.6,0.3927272727272726,2,Wednesday,1,2,1,7,878.1901245117188,123.80584716796875,139.9425,Expect below-normal demand with no major external spike drivers flagged.
2026-01-07,S003,Mesa,family suburban,frozen,0,0,none,0,none,0,0,0,76.6,0.3927272727272726,2,Wednesday,1,2,1,7,878.1901245117188,84.95455169677734,107.84,Expect below-normal demand with no major external spike drivers flagged.
2026-01-07,S003,Mesa,family suburban,produce,0,0,none,0,none,0,0,0,76.6,0.3927272727272726,2,Wednesday,1,2,1,7,878.1901245117188,167.9874725341797,219.2,Expect below-normal demand with no major external spike drivers flagged.
2026-01-07,S003,Mesa,family suburban,snacks,1,0,none,0,none,0,0,0,76.6,0.3927272727272726,2,Wednesday,1,2,1,7,878.1901245117188,166.128173828125,174.58249999999998,Expect near-normal snacks demand because of promotion activity.
2026-01-07,S004,Scottsdale,premium suburban,bakery,1,0,none,0,none,0,0,0,73.1,0.329090909090909,2,Wednesday,1,2,1,7,1054.93798828125,157.32028198242188,172.25,Expect below-normal bakery demand because of promotion activity.
2026-01-07,S004,Scottsdale,premium suburban,beverages,0,0,none,0,none,0,0,0,73.1,0.329090909090909,2,Wednesday,1,2,1,7,1054.93798828125,221.6463623046875,276.83500000000004,Expect below-normal demand with no major external spike drivers flagged.
2026-01-07,S004,Scottsdale,premium suburban,dairy,0,0,none,0,none,0,0,0,73.1,0.329090909090909,2,Wednesday,1,2,1,7,1054.93798828125,140.72091674804688,186.12,Expect below-normal demand with no major external spike drivers flagged.
2026-01-07,S004,Scottsdale,premium suburban,frozen,0,0,none,0,none,0,0,0,73.1,0.329090909090909,2,Wednesday,1,2,1,7,1054.93798828125,114.3730239868164,134.47500000000002,Expect below-normal demand with no major external spike drivers flagged.
2026-01-07,S004,Scottsdale,premium suburban,produce,0,0,none,0,none,0,0,0,73.1,0.329090909090909,2,Wednesday,1,2,1,7,1054.93798828125,238.42160034179688,283.945,Expect below-normal demand with no major external spike drivers flagged.
2026-01-07,S004,Scottsdale,premium suburban,snacks,0,0,none,0,none,0,0,0,73.1,0.329090909090909,2,Wednesday,1,2,1,7,1054.93798828125,186.27310180664062,248.0025,Expect below-normal demand with no major external spike drivers flagged.
2026-01-08,S001,Tempe,campus corridor,bakery,0,0,none,0,none,0,0,0,74.8,0.3599999999999999,3,Thursday,1,2,1,8,892.6432495117188,104.6272964477539,106.25223205566405,Expect near-normal demand with no major external spike drivers flagged.
2026-01-08,S001,Tempe,campus corridor,beverages,0,0,none,0,none,0,0,0,74.8,0.3599999999999999,3,Thursday,1,2,1,8,892.6432495117188,178.7643280029297,221.43296142578126,Expect below-normal demand with no major external spike drivers flagged.
2026-01-08,S001,Tempe,campus corridor,dairy,0,0,none,0,none,0,0,0,74.8,0.3599999999999999,3,Thursday,1,2,1,8,892.6432495117188,126.44696807861328,141.25357177734375,Expect below-normal demand with no major external spike drivers flagged.
2026-01-08,S001,Tempe,campus corridor,frozen,0,0,none,0,none,0,0,0,74.8,0.3599999999999999,3,Thursday,1,2,1,8,892.6432495117188,94.82838439941406,99.00554946899415,Expect near-normal demand with no major external spike drivers flagged.
2026-01-08,S001,Tempe,campus corridor,produce,0,0,none,0,none,0,0,0,74.8,0.3599999999999999,3,Thursday,1,2,1,8,892.6432495117188,189.09815979003906,212.40098144531248,Expect below-normal demand with no major external spike drivers flagged.
2026-01-08,S001,Tempe,campus corridor,snacks,0,0,none,0,none,0,0,0,74.8,0.3599999999999999,3,Thursday,1,2,1,8,892.6432495117188,155.23733520507812,175.02936889648436,Expect below-normal demand with no major external spike drivers flagged.
2026-01-08,S002,Phoenix,urban flagship,bakery,0,0,none,0,none,0,0,0,78.3,0.4236363636363636,3,Thursday,1,2,1,8,1022.0899047851562,138.90243530273438,153.43399826049804,Expect below-normal demand with no major external spike drivers flagged.
2026-01-08,S002,Phoenix,urban flagship,beverages,0,0,none,0,none,0,0,0,78.3,0.4236363636363636,3,Thursday,1,2,1,8,1022.0899047851562,214.94027709960938,257.15952728271486,Expect below-normal demand with no major external spike drivers flagged.
2026-01-08,S002,Phoenix,urban flagship,dairy,0,0,none,0,none,0,0,0,78.3,0.4236363636363636,3,Thursday,1,2,1,8,1022.0899047851562,166.83848571777344,192.16228546142577,Expect below-normal demand with no major external spike drivers flagged.
2026-01-08,S002,Phoenix,urban flagship,frozen,0,0,none,0,none,0,0,0,78.3,0.4236363636363636,3,Thursday,1,2,1,8,1022.0899047851562,117.38211059570312,140.145684967041,Expect below-normal demand with no major external spike drivers flagged.
2026-01-08,S002,Phoenix,urban flagship,produce,0,0,none,0,none,0,0,0,78.3,0.4236363636363636,3,Thursday,1,2,1,8,1022.0899047851562,225.02236938476562,262.07970764160154,Expect below-normal demand with no major external spike drivers flagged.
2026-01-08,S002,Phoenix,urban flagship,snacks,0,0,none,0,none,0,0,0,78.3,0.4236363636363636,3,Thursday,1,2,1,8,1022.0899047851562,200.5204315185547,216.91343322753906,Expect near-normal demand with no major external spike drivers flagged.
2026-01-08,S003,Mesa,family suburban,bakery,0,0,none,0,none,0,0,0,76.3,0.3872727272727272,3,Thursday,1,2,1,8,848.9783325195312,102.60826873779297,96.25285308837891,Expect near-normal demand with no major external spike drivers flagged.
2026-01-08,S003,Mesa,family suburban,beverages,0,0,none,0,none,0,0,0,76.3,0.3872727272727272,3,Thursday,1,2,1,8,848.9783325195312,156.3357391357422,180.31670211791993,Expect below-normal demand with no major external spike drivers flagged.
2026-01-08,S003,Mesa,family suburban,dairy,0,0,none,0,none,0,0,0,76.3,0.3872727272727272,3,Thursday,1,2,1,8,848.9783325195312,119.97100067138672,110.85629776000977,Expect near-normal demand with no major external spike drivers flagged.
2026-01-08,S003,Mesa,family suburban,frozen,0,0,none,0,none,0,0,0,76.3,0.3872727272727272,3,Thursday,1,2,1,8,848.9783325195312,83.26534271240234,80.75352066040038,Expect near-normal demand with no major external spike drivers flagged.
2026-01-08,S003,Mesa,family suburban,produce,1,0,none,0,none,0,0,0,76.3,0.3872727272727272,3,Thursday,1,2,1,8,848.9783325195312,196.3529815673828,174.46042129516601,Expect above-normal produce demand because of promotion activity.
2026-01-08,S003,Mesa,family suburban,snacks,0,0,none,0,none,0,0,0,76.3,0.3872727272727272,3,Thursday,1,2,1,8,848.9783325195312,137.35720825195312,161.15054061889649,Expect below-normal demand with no major external spike drivers flagged.
2026-01-08,S004,Scottsdale,premium suburban,bakery,0,0,none,0,none,0,0,0,72.8,0.3236363636363636,3,Thursday,1,2,1,8,983.4478759765625,128.7806396484375,129.12559188842772,Expect near-normal demand with no major external spike drivers flagged.
2026-01-08,S004,Scottsdale,premium suburban,beverages,0,0,none,0,none,0,0,0,72.8,0.3236363636363636,3,Thursday,1,2,1,8,983.4478759765625,209.53085327148438,231.6063723754883,Expect below-normal demand with no major external spike drivers flagged.
2026-01-08,S004,Scottsdale,premium suburban,dairy,0,0,none,0,none,0,0,0,72.8,0.3236363636363636,3,Thursday,1,2,1,8,983.4478759765625,137.22225952148438,155.2861799621582,Expect below-normal demand with no major external spike drivers flagged.
2026-01-08,S004,Scottsdale,premium suburban,frozen,0,0,none,0,none,0,0,0,72.8,0.3236363636363636,3,Thursday,1,2,1,8,983.4478759765625,106.53715515136719,111.3186654663086,Expect near-normal demand with no major external spike drivers flagged.
2026-01-08,S004,Scottsdale,premium suburban,produce,0,0,none,0,none,0,0,0,72.8,0.3236363636363636,3,Thursday,1,2,1,8,983.4478759765625,223.20730590820312,227.76164154052734,Expect near-normal demand with no major external spike drivers flagged.
2026-01-08,S004,Scottsdale,premium suburban,snacks,0,0,none,0,none,0,0,0,72.8,0.3236363636363636,3,Thursday,1,2,1,8,983.4478759765625,175.33489990234375,204.3568572998047,Expect below-normal demand with no major external spike drivers flagged.
2026-01-09,S001,Tempe,campus corridor,bakery,0,0,none,0,none,0,0,0,74.5,0.3545454545454545,4,Friday,1,2,1,9,972.5623168945312,113.62171936035156,111.19136215209961,Expect near-normal demand with no major external spike drivers flagged.
2026-01-09,S001,Tempe,campus corridor,beverages,0,0,none,0,none,0,0,0,74.5,0.3545454545454545,4,Friday,1,2,1,9,972.5623168945312,182.9777374267578,208.36778778076172,Expect below-normal demand with no major external spike drivers flagged.
2026-01-09,S001,Tempe,campus corridor,dairy,0,0,none,0,none,0,0,0,74.5,0.3545454545454545,4,Friday,1,2,1,9,972.5623168945312,132.96218872070312,140.1034342956543,Expect near-normal demand with no major external spike drivers flagged.
2026-01-09,S001,Tempe,campus corridor,frozen,0,0,none,0,none,0,0,0,74.5,0.3545454545454545,4,Friday,1,2,1,9,972.5623168945312,96.09061431884766,102.273119430542,Expect near-normal demand with no major external spike drivers flagged.
2026-01-09,S001,Tempe,campus corridor,produce,0,0,none,0,none,0,0,0,74.5,0.3545454545454545,4,Friday,1,2,1,9,972.5623168945312,189.40538024902344,205.68036178588866,Expect near-normal demand with no major external spike drivers flagged.
2026-01-09,S001,Tempe,campus corridor,snacks,1,0,none,0,none,0,0,0,74.5,0.3545454545454545,4,Friday,1,2,1,9,972.5623168945312,184.28807067871094,167.19183273315429,Expect near-normal snacks demand because of promotion activity.
2026-01-09,S002,Phoenix,urban flagship,bakery,0,0,none,0,none,0,0,0,78.0,0.4181818181818181,4,Friday,1,2,1,9,1148.4951171875,149.9458770751953,156.01402236938478,Expect near-normal demand with no major external spike drivers flagged.
2026-01-09,S002,Phoenix,urban flagship,beverages,0,0,none,0,none,0,0,0,78.0,0.4181818181818181,4,Friday,1,2,1,9,1148.4951171875,245.73744201660156,283.5740371704102,Expect below-normal demand with no major external spike drivers flagged.
2026-01-09,S002,Phoenix,urban flagship,dairy,0,0,none,0,none,0,0,0,78.0,0.4181818181818181,4,Friday,1,2,1,9,1148.4951171875,175.5637969970703,179.64803192138672,Expect near-normal demand with no major external spike drivers flagged.
2026-01-09,S002,Phoenix,urban flagship,frozen,0,0,none,0,none,0,0,0,78.0,0.4181818181818181,4,Friday,1,2,1,9,1148.4951171875,126.71492004394531,144.4372334289551,Expect below-normal demand with no major external spike drivers flagged.
2026-01-09,S002,Phoenix,urban flagship,produce,1,0,none,0,none,0,0,0,78.0,0.4181818181818181,4,Friday,1,2,1,9,1148.4951171875,297.7408752441406,282.2532858276367,Expect near-normal produce demand because of promotion activity.
2026-01-09,S002,Phoenix,urban flagship,snacks,1,0,none,0,none,0,0,0,78.0,0.4181818181818181,4,Friday,1,2,1,9,1148.4951171875,251.56370544433594,208.58270141601562,Expect above-normal snacks demand because of promotion activity.
2026-01-09,S003,Mesa,family suburban,bakery,0,0,none,0,none,0,0,0,76.0,0.3818181818181818,4,Friday,1,2,1,9,906.9500732421875,106.1691665649414,109.33223060607911,Expect near-normal demand with no major external spike drivers flagged.
2026-01-09,S003,Mesa,family suburban,beverages,0,0,none,0,none,0,0,0,76.0,0.3818181818181818,4,Friday,1,2,1,9,906.9500732421875,163.5054168701172,173.22029556274413,Expect near-normal demand with no major external spike drivers flagged.
2026-01-09,S003,Mesa,family suburban,dairy,0,0,none,0,none,0,0,0,76.0,0.3818181818181818,4,Friday,1,2,1,9,906.9500732421875,122.75006103515625,128.16856246948242,Expect near-normal demand with no major external spike drivers flagged.
2026-01-09,S003,Mesa,family suburban,frozen,0,0,none,0,none,0,0,0,76.0,0.3818181818181818,4,Friday,1,2,1,9,906.9500732421875,85.61946105957031,85.07419486999511,Expect near-normal demand with no major external spike drivers flagged.
2026-01-09,S003,Mesa,family suburban,produce,0,0,none,0,none,0,0,0,76.0,0.3818181818181818,4,Friday,1,2,1,9,906.9500732421875,177.88546752929688,173.0704818725586,Expect near-normal demand with no major external spike drivers flagged.
2026-01-09,S003,Mesa,family suburban,snacks,0,0,none,0,none,0,0,0,76.0,0.3818181818181818,4,Friday,1,2,1,9,906.9500732421875,144.0115966796875,148.05304916381837,Expect near-normal demand with no major external spike drivers flagged.
2026-01-09,S004,Scottsdale,premium suburban,bakery,0,0,none,0,none,0,0,0,72.5,0.3181818181818182,4,Friday,1,2,1,9,1057.9356689453125,138.09490966796875,137.01260833740236,Expect near-normal demand with no major external spike drivers flagged.
2026-01-09,S004,Scottsdale,premium suburban,beverages,0,0,none,0,none,0,0,0,72.5,0.3181818181818182,4,Friday,1,2,1,9,1057.9356689453125,213.0292205810547,220.58028854370116,Expect near-normal demand with no major external spike drivers flagged.
2026-01-09,S004,Scottsdale,premium suburban,dairy,0,0,none,0,none,0,0,0,72.5,0.3181818181818182,4,Friday,1,2,1,9,1057.9356689453125,153.72647094726562,159.0741358947754,Expect near-normal demand with no major external spike drivers flagged.
2026-01-09,S004,Scottsdale,premium suburban,frozen,1,0,none,0,none,0,0,0,72.5,0.3181818181818182,4,Friday,1,2,1,9,1057.9356689453125,130.5735626220703,123.81734176635743,Expect near-normal frozen demand because of promotion activity.
2026-01-09,S004,Scottsdale,premium suburban,produce,0,0,none,0,none,0,0,0,72.5,0.3181818181818182,4,Friday,1,2,1,9,1057.9356689453125,238.65170288085938,252.92376892089845,Expect near-normal demand with no major external spike drivers flagged.
2026-01-09,S004,Scottsdale,premium suburban,snacks,0,0,none,0,none,0,0,0,72.5,0.3181818181818182,4,Friday,1,2,1,9,1057.9356689453125,184.3360595703125,202.49131759643555,Expect below-normal demand with no major external spike drivers flagged.
2026-01-10,S001,Tempe,campus corridor,bakery,0,0,none,0,none,1,0,0,74.2,0.3490909090909091,5,Saturday,1,2,1,10,1031.824462890625,126.7270278930664,128.77744056701658,Expect near-normal bakery demand because of weekend traffic.
2026-01-10,S001,Tempe,campus corridor,beverages,1,0,none,0,none,1,0,0,74.2,0.3490909090909091,5,Saturday,1,2,1,10,1031.824462890625,242.9744110107422,207.165118560791,"Expect above-normal beverages demand because of promotion activity, weekend traffic."
2026-01-10,S001,Tempe,campus corridor,dairy,0,0,none,0,none,1,0,0,74.2,0.3490909090909091,5,Saturday,1,2,1,10,1031.824462890625,141.6293182373047,136.19400390625,Expect near-normal dairy demand because of weekend traffic.
2026-01-10,S001,Tempe,campus corridor,frozen,0,0,none,0,none,1,0,0,74.2,0.3490909090909091,5,Saturday,1,2,1,10,1031.824462890625,107.21768188476562,112.17025077819824,Expect near-normal frozen demand because of weekend traffic.
2026-01-10,S001,Tempe,campus corridor,produce,0,0,none,0,none,1,0,0,74.2,0.3490909090909091,5,Saturday,1,2,1,10,1031.824462890625,205.27578735351562,214.54685623168945,Expect near-normal produce demand because of weekend traffic.
2026-01-10,S001,Tempe,campus corridor,snacks,0,0,none,0,none,1,0,0,74.2,0.3490909090909091,5,Saturday,1,2,1,10,1031.824462890625,187.22129821777344,200.911688079834,Expect near-normal snacks demand because of weekend traffic.
2026-01-10,S002,Phoenix,urban flagship,bakery,0,0,none,0,none,1,0,0,77.7,0.4127272727272728,5,Saturday,1,2,1,10,1199.973388671875,173.56283569335938,168.7560429382324,Expect near-normal bakery demand because of weekend traffic.
2026-01-10,S002,Phoenix,urban flagship,beverages,1,0,none,0,none,1,0,0,77.7,0.4127272727272728,5,Saturday,1,2,1,10,1199.973388671875,313.7037353515625,307.43744873046876,"Expect near-normal beverages demand because of promotion activity, weekend traffic."
2026-01-10,S002,Phoenix,urban flagship,dairy,1,0,none,0,none,1,0,0,77.7,0.4127272727272728,5,Saturday,1,2,1,10,1199.973388671875,224.89779663085938,193.2788571166992,"Expect above-normal dairy demand because of promotion activity, weekend traffic."
2026-01-10,S002,Phoenix,urban flagship,frozen,0,0,none,0,none,1,0,0,77.7,0.4127272727272728,5,Saturday,1,2,1,10,1199.973388671875,142.40878295898438,148.36725341796875,Expect near-normal frozen demand because of weekend traffic.
2026-01-10,S002,Phoenix,urban flagship,produce,0,0,none,0,none,1,0,0,77.7,0.4127272727272728,5,Saturday,1,2,1,10,1199.973388671875,273.1496887207031,283.12138702392576,Expect near-normal produce demand because of weekend traffic.
2026-01-10,S002,Phoenix,urban flagship,snacks,0,0,none,0,none,1,0,0,77.7,0.4127272727272728,5,Saturday,1,2,1,10,1199.973388671875,246.2310028076172,246.1314082336426,Expect near-normal snacks demand because of weekend traffic.
2026-01-10,S003,Mesa,family suburban,bakery,0,0,none,0,none,1,0,0,75.7,0.3763636363636364,5,Saturday,1,2,1,10,960.1968383789062,115.90801239013672,128.32554832458496,Expect below-normal bakery demand because of weekend traffic.
2026-01-10,S003,Mesa,family suburban,beverages,1,0,none,0,none,1,0,0,75.7,0.3763636363636364,5,Saturday,1,2,1,10,960.1968383789062,223.12716674804688,218.51951782226564,"Expect near-normal beverages demand because of promotion activity, weekend traffic."
2026-01-10,S003,Mesa,family suburban,dairy,0,0,none,0,none,1,0,0,75.7,0.3763636363636364,5,Saturday,1,2,1,10,960.1968383789062,130.1971435546875,132.82659744262696,Expect near-normal dairy demand because of weekend traffic.
2026-01-10,S003,Mesa,family suburban,frozen,0,0,none,0,none,1,0,0,75.7,0.3763636363636364,5,Saturday,1,2,1,10,960.1968383789062,93.18502044677734,107.77535957336426,Expect below-normal frozen demand because of weekend traffic.
2026-01-10,S003,Mesa,family suburban,produce,0,0,none,0,none,1,0,0,75.7,0.3763636363636364,5,Saturday,1,2,1,10,960.1968383789062,196.56919860839844,248.8507228088379,Expect below-normal produce demand because of weekend traffic.
2026-01-10,S003,Mesa,family suburban,snacks,0,0,none,0,none,1,0,0,75.7,0.3763636363636364,5,Saturday,1,2,1,10,960.1968383789062,162.09219360351562,186.55814056396486,Expect below-normal snacks demand because of weekend traffic.
2026-01-10,S004,Scottsdale,premium suburban,bakery,0,0,none,0,none,1,0,0,72.2,0.3127272727272728,5,Saturday,1,2,1,10,1145.589111328125,155.70616149902344,185.2644497680664,Expect below-normal bakery demand because of weekend traffic.
2026-01-10,S004,Scottsdale,premium suburban,beverages,0,0,none,0,none,1,0,0,72.2,0.3127272727272728,5,Saturday,1,2,1,10,1145.589111328125,245.39051818847656,273.6709812927246,Expect below-normal beverages demand because of weekend traffic.
2026-01-10,S004,Scottsdale,premium suburban,dairy,0,0,none,0,none,1,0,0,72.2,0.3127272727272728,5,Saturday,1,2,1,10,1145.589111328125,171.69454956054688,182.50077499389647,Expect near-normal dairy demand because of weekend traffic.
2026-01-10,S004,Scottsdale,premium suburban,frozen,0,0,none,0,none,1,0,0,72.2,0.3127272727272728,5,Saturday,1,2,1,10,1145.589111328125,126.06141662597656,133.747041015625,Expect near-normal frozen demand because of weekend traffic.
2026-01-10,S004,Scottsdale,premium suburban,produce,0,0,none,0,none,1,0,0,72.2,0.3127272727272728,5,Saturday,1,2,1,10,1145.589111328125,262.6598205566406,287.82799743652345,Expect below-normal produce demand because of weekend traffic.
2026-01-10,S004,Scottsdale,premium suburban,snacks,0,0,none,0,none,1,0,0,72.2,0.3127272727272728,5,Saturday,1,2,1,10,1145.589111328125,218.03416442871094,241.40228149414062,Expect below-normal snacks demand because of weekend traffic.
2026-01-11,S001,Tempe,campus corridor,bakery,0,0,none,0,none,1,0,0,74.0,0.3454545454545454,6,Sunday,1,2,1,11,997.7230834960938,120.3739242553711,133.69712356567382,Expect below-normal bakery demand because of weekend traffic.
2026-01-11,S001,Tempe,campus corridor,beverages,0,0,none,0,none,1,0,0,74.0,0.3454545454545454,6,Sunday,1,2,1,11,997.7230834960938,201.29437255859375,219.86081604003905,Expect below-normal beverages demand because of weekend traffic.
2026-01-11,S001,Tempe,campus corridor,dairy,0,0,none,0,none,1,0,0,74.0,0.3454545454545454,6,Sunday,1,2,1,11,997.7230834960938,139.50465393066406,142.5521238708496,Expect near-normal dairy demand because of weekend traffic.
2026-01-11,S001,Tempe,campus corridor,frozen,0,0,none,0,none,1,0,0,74.0,0.3454545454545454,6,Sunday,1,2,1,11,997.7230834960938,102.5582046508789,107.08248420715333,Expect near-normal frozen demand because of weekend traffic.
2026-01-11,S001,Tempe,campus corridor,produce,0,0,none,0,none,1,0,0,74.0,0.3454545454545454,6,Sunday,1,2,1,11,997.7230834960938,201.00555419921875,214.9835046386719,Expect near-normal produce demand because of weekend traffic.
2026-01-11,S001,Tempe,campus corridor,snacks,0,0,none,0,none,1,0,0,74.0,0.3454545454545454,6,Sunday,1,2,1,11,997.7230834960938,174.30296325683594,191.32091232299805,Expect below-normal snacks demand because of weekend traffic.
2026-01-11,S002,Phoenix,urban flagship,bakery,0,0,none,0,none,1,0,0,77.5,0.4090909090909091,6,Sunday,1,2,1,11,1170.9521484375,169.59605407714844,175.18292617797852,Expect near-normal bakery demand because of weekend traffic.
2026-01-11,S002,Phoenix,urban flagship,beverages,0,0,none,0,none,1,0,0,77.5,0.4090909090909091,6,Sunday,1,2,1,11,1170.9521484375,269.3671569824219,285.5860842895508,Expect near-normal beverages demand because of weekend traffic.
2026-01-11,S002,Phoenix,urban flagship,dairy,0,0,none,0,none,1,0,0,77.5,0.4090909090909091,6,Sunday,1,2,1,11,1170.9521484375,182.55078125,191.55128555297853,Expect near-normal dairy demand because of weekend traffic.
2026-01-11,S002,Phoenix,urban flagship,frozen,0,0,none,0,none,1,0,0,77.5,0.4090909090909091,6,Sunday,1,2,1,11,1170.9521484375,138.98387145996094,141.9123486328125,Expect near-normal frozen demand because of weekend traffic.
2026-01-11,S002,Phoenix,urban flagship,produce,0,0,none,0,none,1,0,0,77.5,0.4090909090909091,6,Sunday,1,2,1,11,1170.9521484375,269.4907531738281,298.10313903808594,Expect below-normal produce demand because of weekend traffic.
2026-01-11,S002,Phoenix,urban flagship,snacks,0,0,none,0,none,1,0,0,77.5,0.4090909090909091,6,Sunday,1,2,1,11,1170.9521484375,246.13877868652344,251.59443847656252,Expect near-normal snacks demand because of weekend traffic.
2026-01-11,S003,Mesa,family suburban,bakery,0,0,none,0,none,1,0,0,75.5,0.3727272727272727,6,Sunday,1,2,1,11,918.7943725585938,111.57986450195312,120.66631721496582,Expect near-normal bakery demand because of weekend traffic.
2026-01-11,S003,Mesa,family suburban,beverages,0,0,none,0,none,1,0,0,75.5,0.3727272727272727,6,Sunday,1,2,1,11,918.7943725585938,183.27774047851562,198.94763702392578,Expect near-normal beverages demand because of weekend traffic.
2026-01-11,S003,Mesa,family suburban,dairy,0,0,none,0,none,1,0,0,75.5,0.3727272727272727,6,Sunday,1,2,1,11,918.7943725585938,126.20808410644531,134.58560623168944,Expect near-normal dairy demand because of weekend traffic.
2026-01-11,S003,Mesa,family suburban,frozen,0,0,none,0,none,1,0,0,75.5,0.3727272727272727,6,Sunday,1,2,1,11,918.7943725585938,89.64717864990234,99.37946762084961,Expect below-normal frozen demand because of weekend traffic.
2026-01-11,S003,Mesa,family suburban,produce,0,0,none,0,none,1,0,0,75.5,0.3727272727272727,6,Sunday,1,2,1,11,918.7943725585938,191.38958740234375,187.71574417114257,Expect near-normal produce demand because of weekend traffic.
2026-01-11,S003,Mesa,family suburban,snacks,0,0,none,0,none,1,0,0,75.5,0.3727272727272727,6,Sunday,1,2,1,11,918.7943725585938,157.58663940429688,156.92639068603518,Expect near-normal snacks demand because of weekend traffic.
2026-01-11,S004,Scottsdale,premium suburban,bakery,0,0,none,0,none,1,0,0,72.0,0.3090909090909091,6,Sunday,1,2,1,11,1098.6220703125,150.7454376220703,149.29094009399415,Expect near-normal bakery demand because of weekend traffic.
2026-01-11,S004,Scottsdale,premium suburban,beverages,0,0,none,0,none,1,0,0,72.0,0.3090909090909091,6,Sunday,1,2,1,11,1098.6220703125,235.37069702148438,240.2105256652832,Expect near-normal beverages demand because of weekend traffic.
2026-01-11,S004,Scottsdale,premium suburban,dairy,0,0,none,0,none,1,0,0,72.0,0.3090909090909091,6,Sunday,1,2,1,11,1098.6220703125,165.72296142578125,186.79713104248046,Expect below-normal dairy demand because of weekend traffic.
2026-01-11,S004,Scottsdale,premium suburban,frozen,1,0,none,0,none,1,0,0,72.0,0.3090909090909091,6,Sunday,1,2,1,11,1098.6220703125,144.52845764160156,127.10986923217774,"Expect above-normal frozen demand because of promotion activity, weekend traffic."
2026-01-11,S004,Scottsdale,premium suburban,produce,0,0,none,0,none,1,0,0,72.0,0.3090909090909091,6,Sunday,1,2,1,11,1098.6220703125,245.61439514160156,277.7892111206055,Expect below-normal produce demand because of weekend traffic.
2026-01-11,S004,Scottsdale,premium suburban,snacks,0,0,none,0,none,1,0,0,72.0,0.3090909090909091,6,Sunday,1,2,1,11,1098.6220703125,205.19390869140625,208.12884338378905,Expect near-normal snacks demand because of weekend traffic.
2026-01-12,S001,Tempe,campus corridor,bakery,0,0,none,0,none,0,0,0,73.7,0.34,0,Monday,1,3,1,12,846.3767700195312,99.42707824707031,103.65307014465333,Expect near-normal demand with no major external spike drivers flagged.
2026-01-12,S001,Tempe,campus corridor,beverages,0,0,none,0,none,0,0,0,73.7,0.34,0,Monday,1,3,1,12,846.3767700195312,162.71212768554688,169.50280136108398,Expect near-normal demand with no major external spike drivers flagged.
2026-01-12,S001,Tempe,campus corridor,dairy,1,0,none,0,none,0,0,0,73.7,0.34,0,Monday,1,3,1,12,846.3767700195312,138.79522705078125,122.11972816467285,Expect above-normal dairy demand because of promotion activity.
2026-01-12,S001,Tempe,campus corridor,frozen,0,0,none,0,none,0,0,0,73.7,0.34,0,Monday,1,3,1,12,846.3767700195312,86.72574615478516,92.78293777465821,Expect near-normal demand with no major external spike drivers flagged.
2026-01-12,S001,Tempe,campus corridor,produce,0,0,none,0,none,0,0,0,73.7,0.34,0,Monday,1,3,1,12,846.3767700195312,175.812255859375,175.27484420776366,Expect near-normal demand with no major external spike drivers flagged.
2026-01-12,S001,Tempe,campus corridor,snacks,1,0,none,0,none,0,0,0,73.7,0.34,0,Monday,1,3,1,12,846.3767700195312,171.1048583984375,152.18098205566406,Expect above-normal snacks demand because of promotion activity.
2026-01-12,S002,Phoenix,urban flagship,bakery,0,0,none,0,none,0,0,0,77.2,0.4036363636363637,0,Monday,1,3,1,12,997.9325561523438,136.70559692382812,139.1850048828125,Expect near-normal demand with no major external spike drivers flagged.
2026-01-12,S002,Phoenix,urban flagship,beverages,0,0,none,0,none,0,0,0,77.2,0.4036363636363637,0,Monday,1,3,1,12,997.9325561523438,215.2700958251953,247.8090785217285,Expect below-normal demand with no major external spike drivers flagged.
2026-01-12,S002,Phoenix,urban flagship,dairy,0,0,none,0,none,0,0,0,77.2,0.4036363636363637,0,Monday,1,3,1,12,997.9325561523438,154.94122314453125,163.26627548217772,Expect near-normal demand with no major external spike drivers flagged.
2026-01-12,S002,Phoenix,urban flagship,frozen,1,0,none,0,none,0,0,0,77.2,0.4036363636363637,0,Monday,1,3,1,12,997.9325561523438,132.64219665527344,120.81847373962401,Expect near-normal frozen demand because of promotion activity.
2026-01-12,S002,Phoenix,urban flagship,produce,0,0,none,0,none,0,0,0,77.2,0.4036363636363637,0,Monday,1,3,1,12,997.9325561523438,224.9282989501953,252.7850570678711,Expect below-normal demand with no major external spike drivers flagged.
2026-01-12,S002,Phoenix,urban flagship,snacks,0,0,none,0,none,0,0,0,77.2,0.4036363636363637,0,Monday,1,3,1,12,997.9325561523438,187.42904663085938,196.46814376831054,Expect near-normal demand with no major external spike drivers flagged.
2026-01-12,S003,Mesa,family suburban,bakery,0,0,none,0,none,0,0,0,75.2,0.3672727272727273,0,Monday,1,3,1,12,776.3155517578125,93.09300231933594,101.08223640441895,Expect near-normal demand with no major external spike drivers flagged.
2026-01-12,S003,Mesa,family suburban,beverages,0,0,none,0,none,0,0,0,75.2,0.3672727272727273,0,Monday,1,3,1,12,776.3155517578125,153.88870239257812,156.54535491943358,Expect near-normal demand with no major external spike drivers flagged.
2026-01-12,S003,Mesa,family suburban,dairy,0,0,none,0,none,0,0,0,75.2,0.3672727272727273,0,Monday,1,3,1,12,776.3155517578125,111.7149887084961,121.31144386291504,Expect near-normal demand with no major external spike drivers flagged.
2026-01-12,S003,Mesa,family suburban,frozen,0,0,none,0,none,0,0,0,75.2,0.3672727272727273,0,Monday,1,3,1,12,776.3155517578125,74.8398208618164,78.2683447265625,Expect near-normal demand with no major external spike drivers flagged.
2026-01-12,S003,Mesa,family suburban,produce,0,0,none,0,none,0,0,0,75.2,0.3672727272727273,0,Monday,1,3,1,12,776.3155517578125,162.8809814453125,178.39126052856443,Expect below-normal demand with no major external spike drivers flagged.
2026-01-12,S003,Mesa,family suburban,snacks,0,0,none,0,none,0,0,0,75.2,0.3672727272727273,0,Monday,1,3,1,12,776.3155517578125,129.2434539794922,127.22428955078125,Expect near-normal demand with no major external spike drivers flagged.
2026-01-12,S004,Scottsdale,premium suburban,bakery,0,0,none,0,none,0,0,0,71.7,0.3036363636363637,0,Monday,1,3,1,12,915.33349609375,121.48079681396484,123.02530212402344,Expect near-normal demand with no major external spike drivers flagged.
2026-01-12,S004,Scottsdale,premium suburban,beverages,0,0,none,0,none,0,0,0,71.7,0.3036363636363637,0,Monday,1,3,1,12,915.33349609375,184.6439666748047,192.6390867614746,Expect near-normal demand with no major external spike drivers flagged.
2026-01-12,S004,Scottsdale,premium suburban,dairy,0,0,none,0,none,0,0,0,71.7,0.3036363636363637,0,Monday,1,3,1,12,915.33349609375,136.6035614013672,138.53916885375978,Expect near-normal demand with no major external spike drivers flagged.
2026-01-12,S004,Scottsdale,premium suburban,frozen,0,0,none,0,none,0,0,0,71.7,0.3036363636363637,0,Monday,1,3,1,12,915.33349609375,101.65560913085938,105.34032035827636,Expect near-normal demand with no major external spike drivers flagged.
2026-01-12,S004,Scottsdale,premium suburban,produce,0,0,none,0,none,0,0,0,71.7,0.3036363636363637,0,Monday,1,3,1,12,915.33349609375,211.221923828125,214.7420864868164,Expect near-normal demand with no major external spike drivers flagged.
2026-01-12,S004,Scottsdale,premium suburban,snacks,0,0,none,0,none,0,0,0,71.7,0.3036363636363637,0,Monday,1,3,1,12,915.33349609375,163.63812255859375,184.26975128173828,Expect below-normal demand with no major external spike drivers flagged.
2026-01-13,S001,Tempe,campus corridor,bakery,0,0,none,0,none,0,0,0,73.4,0.3345454545454546,1,Tuesday,1,3,1,13,869.8989868164062,101.77987670898438,108.22009834289551,Expect near-normal demand with no major external spike drivers flagged.
2026-01-13,S001,Tempe,campus corridor,beverages,0,0,none,0,none,0,0,0,73.4,0.3345454545454546,1,Tuesday,1,3,1,13,869.8989868164062,163.43783569335938,178.53605819702148,Expect below-normal demand with no major external spike drivers flagged.
2026-01-13,S001,Tempe,campus corridor,dairy,0,0,none,0,none,0,0,0,73.4,0.3345454545454546,1,Tuesday,1,3,1,13,869.8989868164062,122.12471008300781,123.86348747253419,Expect near-normal demand with no major external spike drivers flagged.
2026-01-13,S001,Tempe,campus corridor,frozen,0,0,none,0,none,0,0,0,73.4,0.3345454545454546,1,Tuesday,1,3,1,13,869.8989868164062,87.75978088378906,102.80589653015136,Expect below-normal demand with no major external spike drivers flagged.
2026-01-13,S001,Tempe,campus corridor,produce,0,0,none,0,none,0,0,0,73.4,0.3345454545454546,1,Tuesday,1,3,1,13,869.8989868164062,179.92364501953125,181.00754684448242,Expect near-normal demand with no major external spike drivers flagged.
2026-01-13,S001,Tempe,campus corridor,snacks,0,0,none,0,none,0,0,0,73.4,0.3345454545454546,1,Tuesday,1,3,1,13,869.8989868164062,148.73838806152344,148.42167678833007,Expect near-normal demand with no major external spike drivers flagged.
2026-01-13,S002,Phoenix,urban flagship,bakery,0,0,none,0,none,0,0,0,76.9,0.3981818181818183,1,Tuesday,1,3,1,13,1023.2269897460938,140.98623657226562,141.95540664672853,Expect near-normal demand with no major external spike drivers flagged.
2026-01-13,S002,Phoenix,urban flagship,beverages,0,0,none,0,none,0,0,0,76.9,0.3981818181818183,1,Tuesday,1,3,1,13,1023.2269897460938,219.40234375,242.8268051147461,Expect below-normal demand with no major external spike drivers flagged.
2026-01-13,S002,Phoenix,urban flagship,dairy,0,0,none,0,none,0,0,0,76.9,0.3981818181818183,1,Tuesday,1,3,1,13,1023.2269897460938,160.84104919433594,177.18709564208984,Expect below-normal demand with no major external spike drivers flagged.
2026-01-13,S002,Phoenix,urban flagship,frozen,0,0,none,0,none,0,0,0,76.9,0.3981818181818183,1,Tuesday,1,3,1,13,1023.2269897460938,117.4171371459961,127.06152229309082,Expect near-normal demand with no major external spike drivers flagged.
2026-01-13,S002,Phoenix,urban flagship,produce,0,0,none,0,none,0,0,0,76.9,0.3981818181818183,1,Tuesday,1,3,1,13,1023.2269897460938,232.662353515625,255.28566940307618,Expect below-normal demand with no major external spike drivers flagged.
2026-01-13,S002,Phoenix,urban flagship,snacks,0,0,none,0,none,0,0,0,76.9,0.3981818181818183,1,Tuesday,1,3,1,13,1023.2269897460938,198.3273468017578,203.0655502319336,Expect near-normal demand with no major external spike drivers flagged.
2026-01-13,S003,Mesa,family suburban,bakery,0,0,none,0,none,0,0,0,74.9,0.3618181818181819,1,Tuesday,1,3,1,13,809.308349609375,92.75205993652344,93.43822479248047,Expect near-normal demand with no major external spike drivers flagged.
2026-01-13,S003,Mesa,family suburban,beverages,1,0,none,0,none,0,0,0,74.9,0.3618181818181819,1,Tuesday,1,3,1,13,809.308349609375,178.09030151367188,159.2109881591797,Expect near-normal beverages demand because of promotion activity.
2026-01-13,S003,Mesa,family suburban,dairy,0,0,none,0,none,0,0,0,74.9,0.3618181818181819,1,Tuesday,1,3,1,13,809.308349609375,110.49671936035156,108.3899543762207,Expect near-normal demand with no major external spike drivers flagged.
2026-01-13,S003,Mesa,family suburban,frozen,0,0,none,0,none,0,0,0,74.9,0.3618181818181819,1,Tuesday,1,3,1,13,809.308349609375,78.57964324951172,77.49914291381836,Expect near-normal demand with no major external spike drivers flagged.
2026-01-13,S003,Mesa,family suburban,produce,0,0,none,0,none,0,0,0,74.9,0.3618181818181819,1,Tuesday,1,3,1,13,809.308349609375,168.2587890625,168.64939865112305,Expect near-normal demand with no major external spike drivers flagged.
2026-01-13,S003,Mesa,family suburban,snacks,0,0,none,0,none,0,0,0,74.9,0.3618181818181819,1,Tuesday,1,3,1,13,809.308349609375,129.6614227294922,129.6419236755371,Expect near-normal demand with no major external spike drivers flagged.
2026-01-13,S004,Scottsdale,premium suburban,bakery,0,0,none,0,none,0,0,0,71.4,0.2981818181818182,1,Tuesday,1,3,1,13,948.0706176757812,124.58351135253906,122.32536651611328,Expect near-normal demand with no major external spike drivers flagged.
2026-01-13,S004,Scottsdale,premium suburban,beverages,0,0,none,0,none,0,0,0,71.4,0.2981818181818182,1,Tuesday,1,3,1,13,948.0706176757812,198.89430236816406,209.7091065979004,Expect near-normal demand with no major external spike drivers flagged.
2026-01-13,S004,Scottsdale,premium suburban,dairy,0,0,none,0,none,0,0,0,71.4,0.2981818181818182,1,Tuesday,1,3,1,13,948.0706176757812,138.4136199951172,137.5299920654297,Expect near-normal demand with no major external spike drivers flagged.
2026-01-13,S004,Scottsdale,premium suburban,frozen,0,0,none,0,none,0,0,0,71.4,0.2981818181818182,1,Tuesday,1,3,1,13,948.0706176757812,104.02265167236328,110.62243141174316,Expect near-normal demand with no major external spike drivers flagged.
2026-01-13,S004,Scottsdale,premium suburban,produce,0,0,none,0,none,0,0,0,71.4,0.2981818181818182,1,Tuesday,1,3,1,13,948.0706176757812,219.4813232421875,228.39357009887695,Expect near-normal demand with no major external spike drivers flagged.
2026-01-13,S004,Scottsdale,premium suburban,snacks,1,0,none,0,none,0,0,0,71.4,0.2981818181818182,1,Tuesday,1,3,1,13,948.0706176757812,190.6616668701172,168.99820388793944,Expect above-normal snacks demand because of promotion activity.
2026-01-14,S001,Tempe,campus corridor,bakery,0,0,none,0,none,0,1,0,73.1,0.329090909090909,2,Wednesday,1,3,1,14,969.794921875,116.64147186279297,147.5931209564209,Expect below-normal bakery demand because of payday effect.
2026-01-14,S001,Tempe,campus corridor,beverages,0,0,none,0,none,0,1,0,73.1,0.329090909090909,2,Wednesday,1,3,1,14,969.794921875,205.1127471923828,250.99562301635743,Expect below-normal beverages demand because of payday effect.
2026-01-14,S001,Tempe,campus corridor,dairy,0,0,none,0,none,0,1,0,73.1,0.329090909090909,2,Wednesday,1,3,1,14,969.794921875,135.45960998535156,164.89669448852538,Expect below-normal dairy demand because of payday effect.
2026-01-14,S001,Tempe,campus corridor,frozen,0,0,none,0,none,0,1,0,73.1,0.329090909090909,2,Wednesday,1,3,1,14,969.794921875,102.30030059814453,117.90194641113281,Expect below-normal frozen demand because of payday effect.
2026-01-14,S001,Tempe,campus corridor,produce,0,0,none,0,none,0,1,0,73.1,0.329090909090909,2,Wednesday,1,3,1,14,969.794921875,202.68307495117188,249.77168762207032,Expect below-normal produce demand because of payday effect.
2026-01-14,S001,Tempe,campus corridor,snacks,1,0,none,0,none,0,1,0,73.1,0.329090909090909,2,Wednesday,1,3,1,14,969.794921875,203.09970092773438,205.98212036132813,"Expect near-normal snacks demand because of promotion activity, payday effect."
2026-01-14,S002,Phoenix,urban flagship,bakery,0,0,none,0,none,0,1,0,76.6,0.3927272727272726,2,Wednesday,1,3,1,14,1122.099609375,154.7264862060547,187.49125213623046,Expect below-normal bakery demand because of payday effect.
2026-01-14,S002,Phoenix,urban flagship,beverages,1,0,none,0,none,0,1,0,76.6,0.3927272727272726,2,Wednesday,1,3,1,14,1122.099609375,299.33404541015625,341.4206484985351,"Expect below-normal beverages demand because of promotion activity, payday effect."
2026-01-14,S002,Phoenix,urban flagship,dairy,0,0,none,0,none,0,1,0,76.6,0.3927272727272726,2,Wednesday,1,3,1,14,1122.099609375,180.48794555664062,205.2297183227539,Expect below-normal dairy demand because of payday effect.
2026-01-14,S002,Phoenix,urban flagship,frozen,0,0,none,0,none,0,1,0,76.6,0.3927272727272726,2,Wednesday,1,3,1,14,1122.099609375,133.408935546875,162.77615592956545,Expect below-normal frozen demand because of payday effect.
2026-01-14,S002,Phoenix,urban flagship,produce,0,0,none,0,none,0,1,0,76.6,0.3927272727272726,2,Wednesday,1,3,1,14,1122.099609375,256.1312561035156,322.14910400390625,Expect below-normal produce demand because of payday effect.
2026-01-14,S002,Phoenix,urban flagship,snacks,0,0,none,0,none,0,1,0,76.6,0.3927272727272726,2,Wednesday,1,3,1,14,1122.099609375,226.7079315185547,270.0448188781738,Expect below-normal snacks demand because of payday effect.
2026-01-14,S003,Mesa,family suburban,bakery,0,0,none,0,none,0,1,0,74.6,0.3563636363636362,2,Wednesday,1,3,1,14,882.16796875,104.38583374023438,128.95233627319337,Expect below-normal bakery demand because of payday effect.
2026-01-14,S003,Mesa,family suburban,beverages,0,0,none,0,none,0,1,0,74.6,0.3563636363636362,2,Wednesday,1,3,1,14,882.16796875,168.03762817382812,208.62143310546875,Expect below-normal beverages demand because of payday effect.
2026-01-14,S003,Mesa,family suburban,dairy,0,0,none,0,none,0,1,0,74.6,0.3563636363636362,2,Wednesday,1,3,1,14,882.16796875,121.94500732421875,143.8589617919922,Expect below-normal dairy demand because of payday effect.
2026-01-14,S003,Mesa,family suburban,frozen,0,0,none,0,none,0,1,0,74.6,0.3563636363636362,2,Wednesday,1,3,1,14,882.16796875,87.60627746582031,107.33613792419433,Expect below-normal frozen demand because of payday effect.
2026-01-14,S003,Mesa,family suburban,produce,0,0,none,0,none,0,1,0,74.6,0.3563636363636362,2,Wednesday,1,3,1,14,882.16796875,174.32713317871094,217.97436813354494,Expect below-normal produce demand because of payday effect.
2026-01-14,S003,Mesa,family suburban,snacks,0,0,none,0,none,0,1,0,74.6,0.3563636363636362,2,Wednesday,1,3,1,14,882.16796875,147.26214599609375,184.46454345703125,Expect below-normal snacks demand because of payday effect.
2026-01-14,S004,Scottsdale,premium suburban,bakery,0,0,none,0,none,0,1,0,71.1,0.2927272727272726,2,Wednesday,1,3,1,14,1050.978515625,141.76698303222656,181.15007049560546,Expect below-normal bakery demand because of payday effect.
2026-01-14,S004,Scottsdale,premium suburban,beverages,0,0,none,0,none,0,1,0,71.1,0.2927272727272726,2,Wednesday,1,3,1,14,1050.978515625,226.7919158935547,281.0590905761719,Expect below-normal beverages demand because of payday effect.
2026-01-14,S004,Scottsdale,premium suburban,dairy,0,0,none,0,none,0,1,0,71.1,0.2927272727272726,2,Wednesday,1,3,1,14,1050.978515625,154.1036834716797,182.72522918701173,Expect below-normal dairy demand because of payday effect.
2026-01-14,S004,Scottsdale,premium suburban,frozen,0,0,none,0,none,0,1,0,71.1,0.2927272727272726,2,Wednesday,1,3,1,14,1050.978515625,118.5815658569336,134.3932559967041,Expect below-normal frozen demand because of payday effect.
2026-01-14,S004,Scottsdale,premium suburban,produce,0,0,none,0,none,0,1,0,71.1,0.2927272727272726,2,Wednesday,1,3,1,14,1050.978515625,241.13880920410156,287.1404000854492,Expect below-normal produce demand because of payday effect.
2026-01-14,S004,Scottsdale,premium suburban,snacks,0,0,none,0,none,0,1,0,71.1,0.2927272727272726,2,Wednesday,1,3,1,14,1050.978515625,197.13235473632812,246.60827545166015,Expect below-normal snacks demand because of payday effect.
